<?xml version="1.0" encoding="UTF-8" standalone="yes"?>
<addon id="plugin.video.MyFilmOn"
       name="Favorites FilmOn Channels"
       version="1.9.4"
       provider-name="Avigdor">
	<requires>
		<import addon="xbmc.python" version="2.1.0"/>
	</requires>
	<extension point="xbmc.python.pluginsource" library="default.py">
		<provides>video</provides>
	</extension>
	<extension point="xbmc.addon.metadata">
		<summary lang="en">MyFilmOn</summary>
		<description lang="en">Stream From FilmOn...</description>
		<platform>all</platform>
	</extension>
	<extension point="xbmc.addon.repository" name="Avigdor's XBMC Repo">
        <info compressed="false">https://github.com/avigdork/xbmc-avigdork/raw/master/addons.xml</info>
        <checksum>https://github.com/avigdork/xbmc-avigdork/raw/master/addons.xml.md5</checksum>
        <datadir zip="true">https://github.com/avigdork/xbmc-avigdork/raw/master/repo</datadir>
    </extension>
</addon>
