<?xml version="1.0" encoding="UTF-8" standalone="yes"?>
<addon id="script.module.israeliveresolver" name="IsraeLiveResolver" version="0.3.4" provider-name="Avigdor">
  <requires>
    <import addon="xbmc.python" version="2.1.0" />
	<import addon="repository.xbmc-avigdork" />
  </requires>
  <extension point="xbmc.python.module" library="lib" />
  <extension point="xbmc.python.pluginsource" library="lib/default.py" />
  <extension point="xbmc.service" library="lib/service.py" start="[login|startup]"/>
  <extension point="xbmc.addon.metadata">
    <platform>all</platform>
    <summary lang="en">Resolve dynamic URL's to be playable in XBMC/Kodi.</summary>
    <description lang="en">Resolve dynamic URL's to be playable in XBMC/Kodi.</description>    
  </extension>
</addon>
